"target_quarter","days_to_release","asof","actual","labour","expenditure","ar1","hist_mean"
"2016Q1",150,"2016-01-03",0.91647588405932,0.633802098336189,0.80566910160974,0.867764020417809,0.686428439662905
"2016Q1",120,"2016-02-02",0.91647588405932,0.577445462885916,0.742651941881644,0.867764020417809,0.686428439662905
"2016Q1",90,"2016-03-03",0.91647588405932,0.961553745153034,0.815229617062584,0.882197404921058,0.680880166322423
"2016Q1",60,"2016-04-02",0.91647588405932,1.06437710349134,0.815229617062584,0.882197404921058,0.680880166322423
"2016Q1",45,"2016-04-17",0.91647588405932,0.894359295960314,0.815229617062584,0.882197404921058,0.680880166322423
"2016Q1",30,"2016-05-02",0.91647588405932,0.894359295960314,0.815229617062584,0.882197404921058,0.680880166322423
"2016Q1",20,"2016-05-12",0.91647588405932,0.894359295960314,0.815229617062584,0.882197404921058,0.680880166322423
"2016Q1",10,"2016-05-22",0.91647588405932,0.894359295960314,0.815229617062584,0.882197404921058,0.680880166322423
"2016Q1",5,"2016-05-27",0.91647588405932,0.894359295960314,0.713248758816098,0.882197404921058,0.680880166322423
"2016Q1",1,"2016-05-31",0.91647588405932,0.894359295960314,0.114930230833796,0.882197404921058,0.680880166322423
"2016Q2",150,"2016-04-10",0.658660331932026,0.662599729789372,0.667811012790195,0.865175790777597,0.680880166322423
"2016Q2",120,"2016-05-10",0.658660331932026,0.475959242121184,0.675852669864708,0.865175790777597,0.680880166322423
"2016Q2",90,"2016-06-09",0.658660331932026,-1.144739134922,1.02962090070994,0.863179041297266,0.702117606207467
"2016Q2",60,"2016-07-09",0.658660331932026,-0.361763043247604,1.02962090070994,0.863179041297266,0.702117606207467
"2016Q2",45,"2016-07-24",0.658660331932026,-0.207817352751855,1.02962090070994,0.863179041297266,0.702117606207467
"2016Q2",30,"2016-08-08",0.658660331932026,-0.207817352751855,1.02962090070994,0.863179041297266,0.702117606207467
"2016Q2",20,"2016-08-18",0.658660331932026,-0.207817352751855,1.02962090070994,0.863179041297266,0.702117606207467
"2016Q2",10,"2016-08-28",0.658660331932026,-0.207817352751855,0.914643811244832,0.863179041297266,0.702117606207467
"2016Q2",5,"2016-09-02",0.658660331932026,-0.207817352751855,0.387295433128333,0.863179041297266,0.702117606207467
"2016Q2",1,"2016-09-06",0.658660331932026,-0.207817352751855,0.387295433128333,0.863179041297266,0.702117606207467
"2016Q3",150,"2016-07-10",-0.00938327122079752,1.13904022586116,0.663533866934494,0.866650714140227,0.702117606207467
"2016Q3",120,"2016-08-09",-0.00938327122079752,1.27029072846477,0.642830239000491,0.866650714140227,0.702117606207467
"2016Q3",90,"2016-09-08",-0.00938327122079752,1.22095925159262,0.431449192502365,0.879004144006707,0.712591920266758
"2016Q3",60,"2016-10-08",-0.00938327122079752,1.26476849478181,0.431449192502365,0.879004144006707,0.712591920266758
"2016Q3",45,"2016-10-23",-0.00938327122079752,1.16329138056172,0.431449192502365,0.879004144006707,0.712591920266758
"2016Q3",30,"2016-11-07",-0.00938327122079752,1.16329138056172,0.431449192502365,0.879004144006707,0.712591920266758
"2016Q3",20,"2016-11-17",-0.00938327122079752,1.16329138056172,0.431449192502365,0.879004144006707,0.712591920266758
"2016Q3",10,"2016-11-27",-0.00938327122079752,1.16329138056172,0.13104563550915,0.879004144006707,0.712591920266758
"2016Q3",5,"2016-12-02",-0.00938327122079752,1.16329138056172,0.132678670551803,0.879004144006707,0.712591920266758
"2016Q3",1,"2016-12-06",-0.00938327122079752,1.16329138056172,0.132678670551803,0.879004144006707,0.712591920266758
"2016Q4",150,"2016-10-02",1.1659365914636,0.703484382292816,0.81465628835871,0.864644533633298,0.712591920266758
"2016Q4",120,"2016-11-01",1.1659365914636,0.606297981517698,0.839402474230464,0.864644533633298,0.712591920266758
"2016Q4",90,"2016-12-01",1.1659365914636,0.631706623527004,0.577035308458203,0.864644533633298,0.712591920266758
"2016Q4",60,"2016-12-31",1.1659365914636,0.681540910433451,0.544600461812085,0.917651965344948,0.674062552690165
"2016Q4",45,"2017-01-15",1.1659365914636,0.875024097300834,0.534315303952126,0.917651965344948,0.674062552690165
"2016Q4",30,"2017-01-30",1.1659365914636,0.875024097300834,0.534315303952126,0.917651965344948,0.674062552690165
"2016Q4",20,"2017-02-09",1.1659365914636,0.875024097300834,0.551364513169569,0.917651965344948,0.674062552690165
"2016Q4",10,"2017-02-19",1.1659365914636,0.875024097300834,0.551364513169569,0.917651965344948,0.674062552690165
"2016Q4",5,"2017-02-24",1.1659365914636,0.875024097300834,0.551364513169569,0.917651965344948,0.674062552690165
"2016Q4",1,"2017-02-28",1.1659365914636,0.875024097300834,0.649042696835091,0.917651965344948,0.674062552690165
"2017Q1",150,"2017-01-08",0.311883605458485,0.663101588834145,0.492804954461428,0.858089945719004,0.674062552690165
"2017Q1",120,"2017-02-07",0.311883605458485,0.864990010519615,0.521145341753702,0.858089945719004,0.674062552690165
"2017Q1",90,"2017-03-09",0.311883605458485,2.50854443182573,0.488267705324101,0.843238696409714,0.671798433956931
"2017Q1",60,"2017-04-08",0.311883605458485,1.33843903432285,0.468927576856651,0.843238696409714,0.671798433956931
"2017Q1",45,"2017-04-23",0.311883605458485,1.27465364873163,0.468927576856651,0.843238696409714,0.671798433956931
"2017Q1",30,"2017-05-08",0.311883605458485,1.27465364873163,0.455890158661676,0.843238696409714,0.671798433956931
"2017Q1",20,"2017-05-18",0.311883605458485,1.27465364873163,0.455890158661676,0.843238696409714,0.671798433956931
"2017Q1",10,"2017-05-28",0.311883605458485,1.27465364873163,0.421755956042041,0.843238696409714,0.671798433956931
"2017Q1",5,"2017-06-02",0.311883605458485,1.27465364873163,-0.908214400035055,0.843238696409714,0.671798433956931
"2017Q1",1,"2017-06-06",0.311883605458485,1.27465364873163,-0.908214400035055,0.843238696409714,0.671798433956931
"2017Q2",150,"2017-04-09",0.598448222015557,0.0953790884722572,0.612468254296779,0.864305396853423,0.671798433956931
"2017Q2",120,"2017-05-09",0.598448222015557,0.00904935528204143,0.569830476253311,0.864305396853423,0.671798433956931
"2017Q2",90,"2017-06-08",0.598448222015557,-0.364333891189169,0.390419595537367,0.896763434469869,0.64550825336202
"2017Q2",60,"2017-07-08",0.598448222015557,0.842834160508291,0.40751317550505,0.896763434469869,0.64550825336202
"2017Q2",45,"2017-07-23",0.598448222015557,1.13941306303948,0.40751317550505,0.896763434469869,0.64550825336202
"2017Q2",30,"2017-08-07",0.598448222015557,1.13941306303948,0.40652041147306,0.896763434469869,0.64550825336202
"2017Q2",20,"2017-08-17",0.598448222015557,1.13941306303948,0.40652041147306,0.896763434469869,0.64550825336202
"2017Q2",10,"2017-08-27",0.598448222015557,1.13941306303948,0.715679144655741,0.896763434469869,0.64550825336202
"2017Q2",5,"2017-09-01",0.598448222015557,1.13941306303948,0.715140414023701,0.896763434469869,0.64550825336202
"2017Q2",1,"2017-09-05",0.598448222015557,1.13941306303948,0.715140414023701,0.896763434469869,0.64550825336202
"2017Q3",150,"2017-07-09",0.947658516872796,1.1443833947047,0.709969544649415,0.858237261449309,0.64550825336202
"2017Q3",120,"2017-08-08",0.947658516872796,1.49631868788217,0.726120308418648,0.858237261449309,0.64550825336202
"2017Q3",90,"2017-09-07",0.947658516872796,0.819156713912642,0.78636967971096,0.876523509536629,0.644817031911944
"2017Q3",60,"2017-10-07",0.947658516872796,0.716117604148739,0.757890078130114,0.876523509536629,0.644817031911944
"2017Q3",45,"2017-10-22",0.947658516872796,0.875142410163202,0.757890078130114,0.876523509536629,0.644817031911944
"2017Q3",30,"2017-11-06",0.947658516872796,0.875142410163202,0.767295661413661,0.876523509536629,0.644817031911944
"2017Q3",20,"2017-11-16",0.947658516872796,0.875142410163202,0.767295661413661,0.876523509536629,0.644817031911944
"2017Q3",10,"2017-11-26",0.947658516872796,0.875142410163202,1.19130477864215,0.876523509536629,0.644817031911944
"2017Q3",5,"2017-12-01",0.947658516872796,0.875142410163202,1.16220716985348,0.876523509536629,0.644817031911944
"2017Q3",1,"2017-12-05",0.947658516872796,0.875142410163202,1.16220716985348,0.876523509536629,0.644817031911944
"2017Q4",150,"2017-10-08",0.399283214470403,0.652396583507578,0.60850185261673,0.858370839912811,0.644817031911944
"2017Q4",120,"2017-11-07",0.399283214470403,0.797472387194057,0.626855563008882,0.858370839912811,0.644817031911944
"2017Q4",90,"2017-12-07",0.399283214470403,0.993131030457552,0.826039569436693,0.854124184461713,0.638407395499015
"2017Q4",60,"2018-01-06",0.399283214470403,1.2904662066704,0.872043457554556,0.854124184461713,0.638407395499015
"2017Q4",45,"2018-01-21",0.399283214470403,1.18145389374802,0.872043457554556,0.854124184461713,0.638407395499015
"2017Q4",30,"2018-02-05",0.399283214470403,1.18145389374802,0.876931717238129,0.854124184461713,0.638407395499015
"2017Q4",20,"2018-02-15",0.399283214470403,1.18145389374802,0.876931717238129,0.854124184461713,0.638407395499015
"2017Q4",10,"2018-02-25",0.399283214470403,1.18145389374802,0.261730167115961,0.854124184461713,0.638407395499015
"2017Q4",5,"2018-03-02",0.399283214470403,1.18145389374802,0.297072891947735,0.854124184461713,0.638407395499015
"2017Q4",1,"2018-03-06",0.399283214470403,1.18145389374802,-0.393567712867013,0.854124184461713,0.638407395499015
"2018Q1",150,"2018-01-07",1.03120128275553,0.754957865684294,0.68613060355658,0.860238451328972,0.638407395499015
"2018Q1",120,"2018-02-06",1.03120128275553,0.634543778091248,0.635247303963062,0.860238451328972,0.638407395499015
"2018Q1",90,"2018-03-08",1.03120128275553,0.0911842392247098,0.969396129787984,0.887913988483648,0.639239493695486
"2018Q1",60,"2018-04-07",1.03120128275553,0.0841491291510155,1.03102882232795,0.887913988483648,0.639239493695486
"2018Q1",45,"2018-04-22",1.03120128275553,0.0946138720461376,1.03102882232795,0.887913988483648,0.639239493695486
"2018Q1",30,"2018-05-07",1.03120128275553,0.0946138720461376,1.00402869628674,0.887913988483648,0.639239493695486
"2018Q1",20,"2018-05-17",1.03120128275553,0.0946138720461376,1.00402869628674,0.887913988483648,0.639239493695486
"2018Q1",10,"2018-05-27",1.03120128275553,0.0946138720461376,0.983024069709971,0.887913988483648,0.639239493695486
"2018Q1",5,"2018-06-01",1.03120128275553,0.0946138720461376,0.823112657259131,0.887913988483648,0.639239493695486
"2018Q1",1,"2018-06-05",1.03120128275553,0.0946138720461376,0.823112657259131,0.887913988483648,0.639239493695486
"2018Q2",150,"2018-04-08",0.742217472090623,0.615550083057185,0.623629833724583,0.855920480401575,0.639239493695486
"2018Q2",120,"2018-05-08",0.742217472090623,0.645290907317423,0.595752607001509,0.855920480401575,0.639239493695486
"2018Q2",90,"2018-06-07",0.742217472090623,1.14935551063128,0.362384326667948,0.847274592990156,0.63727786371488
"2018Q2",60,"2018-07-07",0.742217472090623,1.01908237491352,0.420386965864467,0.847274592990156,0.63727786371488
"2018Q2",45,"2018-07-22",0.742217472090623,1.06248839724578,0.420386965864467,0.847274592990156,0.63727786371488
"2018Q2",30,"2018-08-06",0.742217472090623,1.06248839724578,0.451853727432804,0.847274592990156,0.63727786371488
"2018Q2",20,"2018-08-16",0.742217472090623,1.06248839724578,0.451853727432804,0.847274592990156,0.63727786371488
"2018Q2",10,"2018-08-26",0.742217472090623,1.06248839724578,0.467782202848245,0.847274592990156,0.63727786371488
"2018Q2",5,"2018-08-31",0.742217472090623,1.06248839724578,1.0442096824596,0.847274592990156,0.63727786371488
"2018Q2",1,"2018-09-04",0.742217472090623,1.06248839724578,1.0442096824596,0.847274592990156,0.63727786371488
"2018Q3",150,"2018-07-08",0.377453658946658,0.543110321647033,0.718723208049837,0.859374034397707,0.63727786371488
"2018Q3",120,"2018-08-07",0.377453658946658,0.60768884150607,0.783306630699286,0.859374034397707,0.63727786371488
"2018Q3",90,"2018-09-06",0.377453658946658,0.645941599132007,0.677180280678749,0.865766043109585,0.647340703703725
"2018Q3",60,"2018-10-06",0.377453658946658,0.613173831704429,0.669724349460053,0.865766043109585,0.647340703703725
"2018Q3",45,"2018-10-21",0.377453658946658,0.620716636309117,0.669724349460053,0.865766043109585,0.647340703703725
"2018Q3",30,"2018-11-05",0.377453658946658,0.620716636309117,0.666374320074611,0.865766043109585,0.647340703703725
"2018Q3",20,"2018-11-15",0.377453658946658,0.620716636309117,0.666374320074611,0.865766043109585,0.647340703703725
"2018Q3",10,"2018-11-25",0.377453658946658,0.620716636309117,0.480835229413388,0.865766043109585,0.647340703703725
"2018Q3",5,"2018-11-30",0.377453658946658,0.620716636309117,0.327429674582874,0.865766043109585,0.647340703703725
"2018Q3",1,"2018-12-04",0.377453658946658,0.620716636309117,0.768640573287491,0.865766043109585,0.647340703703725
"2018Q4",150,"2018-10-07",0.25493283307092,0.627825759021962,0.638559975716534,0.857629060170136,0.647340703703725
"2018Q4",120,"2018-11-06",0.25493283307092,0.671217504434331,0.626272873827485,0.857629060170136,0.647340703703725
"2018Q4",90,"2018-12-06",0.25493283307092,0.944016566059447,1.03257147722976,0.887484183418252,0.639082387625858
"2018Q4",60,"2019-01-05",0.25493283307092,0.893266112325165,1.04829086364737,0.887484183418252,0.639082387625858
"2018Q4",45,"2019-01-20",0.25493283307092,0.73802790119657,1.04829086364737,0.887484183418252,0.639082387625858
"2018Q4",30,"2019-02-04",0.25493283307092,0.73802790119657,1.03839404006048,0.887484183418252,0.639082387625858
"2018Q4",20,"2019-02-14",0.25493283307092,0.73802790119657,1.03839404006048,0.887484183418252,0.639082387625858
"2018Q4",10,"2019-02-24",0.25493283307092,0.73802790119657,1.03839404006048,0.887484183418252,0.639082387625858
"2018Q4",5,"2019-03-01",0.25493283307092,0.73802790119657,0.914547892365628,0.887484183418252,0.639082387625858
"2018Q4",1,"2019-03-05",0.25493283307092,0.73802790119657,0.102473062318476,0.887484183418252,0.639082387625858
"2019Q1",150,"2019-01-06",0.725262387601866,0.637917905681352,0.591955245753044,0.854036596379742,0.639082387625858
"2019Q1",120,"2019-02-05",0.725262387601866,0.490473703615324,0.551657327025516,0.854036596379742,0.639082387625858
"2019Q1",90,"2019-03-07",0.725262387601866,0.991466154945994,0.684766060607396,0.892076906209323,0.656106992332032
"2019Q1",60,"2019-04-06",0.725262387601866,1.19117837037629,0.626259394284926,0.892076906209323,0.656106992332032
"2019Q1",45,"2019-04-21",0.725262387601866,1.30162382873194,0.626259394284926,0.892076906209323,0.656106992332032
"2019Q1",30,"2019-05-06",0.725262387601866,1.30162382873194,0.627160689473201,0.892076906209323,0.656106992332032
"2019Q1",20,"2019-05-16",0.725262387601866,1.30162382873194,0.627160689473201,0.892076906209323,0.656106992332032
"2019Q1",10,"2019-05-26",0.725262387601866,1.30162382873194,0.519628420705084,0.892076906209323,0.656106992332032
"2019Q1",5,"2019-05-31",0.725262387601866,1.30162382873194,0.747610611560763,0.892076906209323,0.656106992332032
"2019Q1",1,"2019-06-04",0.725262387601866,1.30162382873194,0.76487019797092,0.892076906209323,0.656106992332032
"2019Q2",150,"2019-04-07",0.305697788791526,0.649187190475517,0.605480335557102,0.85108007867321,0.656106992332032
"2019Q2",120,"2019-05-07",0.305697788791526,0.752097694531581,0.596624611959601,0.85108007867321,0.656106992332032
"2019Q2",90,"2019-06-06",0.305697788791526,0.42221166781692,0.420541162661004,0.861200505506483,0.64908574751421
"2019Q2",60,"2019-07-06",0.305697788791526,-0.00630988026286529,0.412288963179131,0.861200505506483,0.64908574751421
"2019Q2",45,"2019-07-21",0.305697788791526,-0.101402481273481,0.412288963179131,0.861200505506483,0.64908574751421
"2019Q2",30,"2019-08-05",0.305697788791526,-0.101402481273481,0.397705591480068,0.861200505506483,0.64908574751421
"2019Q2",20,"2019-08-15",0.305697788791526,-0.101402481273481,0.397705591480068,0.861200505506483,0.64908574751421
"2019Q2",10,"2019-08-25",0.305697788791526,-0.101402481273481,0.19709294260773,0.861200505506483,0.64908574751421
"2019Q2",5,"2019-08-30",0.305697788791526,-0.101402481273481,-0.445100122999495,0.861200505506483,0.64908574751421
"2019Q2",1,"2019-09-03",0.305697788791526,-0.101402481273481,-0.0839561719799311,0.861200505506483,0.64908574751421
"2019Q3",150,"2019-07-07",0.58390080796924,0.451195354781832,0.690522303967806,0.852495592040515,0.64908574751421
"2019Q3",120,"2019-08-06",0.58390080796924,0.353755400093205,0.681687910872502,0.852495592040515,0.64908574751421
"2019Q3",90,"2019-09-05",0.58390080796924,0.445653950186653,0.885472346086937,0.885439076421937,0.641299209590932
"2019Q3",60,"2019-10-05",0.58390080796924,0.521323140669194,0.945648423730411,0.885439076421937,0.641299209590932
"2019Q3",45,"2019-10-20",0.58390080796924,0.512681433102458,0.945648423730411,0.885439076421937,0.641299209590932
"2019Q3",30,"2019-11-04",0.58390080796924,0.512681433102458,0.945648077369566,0.885439076421937,0.641299209590932
"2019Q3",20,"2019-11-14",0.58390080796924,0.512681433102458,0.945648077369566,0.885439076421937,0.641299209590932
"2019Q3",10,"2019-11-24",0.58390080796924,0.512681433102458,0.945648077369566,0.885439076421937,0.641299209590932
"2019Q3",5,"2019-11-29",0.58390080796924,0.512681433102458,0.871694487332926,0.885439076421937,0.641299209590932
"2019Q3",1,"2019-12-03",0.58390080796924,0.512681433102458,1.00420718994768,0.885439076421937,0.641299209590932
"2019Q4",150,"2019-10-06",0.590704258232955,0.623711124098114,0.595005854544261,0.848518982031725,0.641299209590932
"2019Q4",120,"2019-11-05",0.590704258232955,0.630206966794922,0.613837773805309,0.848518982031725,0.641299209590932
"2019Q4",90,"2019-12-05",0.590704258232955,0.180355277600983,0.83268245222943,0.866381681442344,0.647052660813897
"2019Q4",60,"2020-01-04",0.590704258232955,0.145455446367102,0.832683298981556,0.866381681442344,0.647052660813897
"2019Q4",45,"2020-01-19",0.590704258232955,0.334381969924877,0.832683298981556,0.866381681442344,0.647052660813897
"2019Q4",30,"2020-02-03",0.590704258232955,0.334381969924877,0.832683298981556,0.866381681442344,0.647052660813897
"2019Q4",20,"2020-02-13",0.590704258232955,0.334381969924877,0.83268314682484,0.866381681442344,0.647052660813897
"2019Q4",10,"2020-02-23",0.590704258232955,0.334381969924877,0.83268314682484,0.866381681442344,0.647052660813897
"2019Q4",5,"2020-02-28",0.590704258232955,0.334381969924877,0.701867003701604,0.866381681442344,0.647052660813897
"2019Q4",1,"2020-03-03",0.590704258232955,0.334381969924877,0.30460579876827,0.866381681442344,0.647052660813897
"2020Q1",150,"2020-01-05",-0.219007926779435,0.643358246006762,0.805877412769175,0.848559995077421,0.647052660813897
"2020Q1",120,"2020-02-04",-0.219007926779435,0.876239084109007,0.832475335223467,0.848559995077421,0.647052660813897
"2020Q1",90,"2020-03-05",-0.219007926779435,0.629514097767178,0.976834777085713,0.864735859334677,0.641737297372901
"2020Q1",60,"2020-04-04",-0.219007926779435,0.163627852415179,0.976836873672962,0.864735859334677,0.641737297372901
"2020Q1",45,"2020-04-19",-0.219007926779435,-0.123870334561508,0.976836873672962,0.864735859334677,0.641737297372901
"2020Q1",30,"2020-05-04",-0.219007926779435,-0.123870334561508,0.976836873672962,0.864735859334677,0.641737297372901
"2020Q1",20,"2020-05-14",-0.219007926779435,-0.123870334561508,0.97683679531373,0.864735859334677,0.641737297372901
"2020Q1",10,"2020-05-24",-0.219007926779435,-0.123870334561508,0.97683679531373,0.864735859334677,0.641737297372901
"2020Q1",5,"2020-05-29",-0.219007926779435,-0.123870334561508,0.986499879402477,0.864735859334677,0.641737297372901
"2020Q1",1,"2020-06-02",-0.219007926779435,-0.123870334561508,0.0277554464795112,0.864735859334677,0.641737297372901
"2020Q2",150,"2020-04-05",-6.74288709439649,0.408064228957191,0.80919177574486,0.847526398820265,0.641737297372901
"2020Q2",120,"2020-05-05",-6.74288709439649,0.0854882304842286,0.819308601771201,0.847526398820265,0.641737297372901
"2020Q2",90,"2020-06-04",-6.74288709439649,-10.2632961537455,1.56941159537085,0.909446818907844,0.625139872900933
"2020Q2",60,"2020-07-04",-6.74288709439649,-10.0460372918862,1.56941159537085,0.909446818907844,0.625139872900933
"2020Q2",45,"2020-07-19",-6.74288709439649,-8.80126214700966,1.56941252871397,0.909446818907844,0.625139872900933
"2020Q2",30,"2020-08-03",-6.74288709439649,-8.80126214700966,1.56941252871397,0.909446818907844,0.625139872900933
"2020Q2",20,"2020-08-13",-6.74288709439649,-8.80126214700966,1.56941247130271,0.909446818907844,0.625139872900933
"2020Q2",10,"2020-08-23",-6.74288709439649,-8.80126214700966,1.56941247130271,0.909446818907844,0.625139872900933
"2020Q2",5,"2020-08-28",-6.74288709439649,-8.80126214700966,1.52514198352134,0.909446818907844,0.625139872900933
"2020Q2",1,"2020-09-01",-6.74288709439649,-8.80126214700966,0.574252206939409,0.909446818907844,0.625139872900933
"2020Q3",150,"2020-07-05",3.47487634892085,0.282788103453804,0.477702221840198,0.840119264759943,0.625139872900933
"2020Q3",120,"2020-08-04",3.47487634892085,2.79006359560411,0.463351182989191,0.840119264759943,0.625139872900933
"2020Q3",90,"2020-09-03",3.47487634892085,4.35075058608297,1.00075419980696,0.995539090089801,0.441003562699072
"2020Q3",60,"2020-10-03",3.47487634892085,4.52444755144524,1.00075233570338,0.995539090089801,0.441003562699072
"2020Q3",45,"2020-10-18",3.47487634892085,4.50776401927631,1.00075237486669,0.995539090089801,0.441003562699072
"2020Q3",30,"2020-11-02",3.47487634892085,4.50776401927631,1.00075237486669,0.995539090089801,0.441003562699072
"2020Q3",20,"2020-11-12",3.47487634892085,4.50776401927631,1.00075294343402,0.995539090089801,0.441003562699072
"2020Q3",10,"2020-11-22",3.47487634892085,4.50776401927631,1.00075294343402,0.995539090089801,0.441003562699072
"2020Q3",5,"2020-11-27",3.47487634892085,4.50776401927631,0.893598707455207,0.995539090089801,0.441003562699072
"2020Q3",1,"2020-12-01",3.47487634892085,4.50776401927631,-2.82646143398342,0.995539090089801,0.441003562699072
"2020Q4",150,"2020-10-04",3.40435355304789,0.444544821747969,0.44617997082259,0.808495342973825,0.441003562699072
"2020Q4",120,"2020-11-03",3.40435355304789,0.392215479446686,0.460983683409815,0.808495342973825,0.441003562699072
"2020Q4",90,"2020-12-03",3.40435355304789,1.95139254309136,-0.133985218457759,0.593449335918578,0.510303843284937
"2020Q4",60,"2021-01-02",3.40435355304789,3.41564560601299,-0.133985983521515,0.593449335918578,0.510303843284937
"2020Q4",45,"2021-01-17",3.40435355304789,3.33987099126962,-0.133987580518352,0.593449335918578,0.510303843284937
"2020Q4",30,"2021-02-01",3.40435355304789,3.33987099126962,-0.133987580518352,0.593449335918578,0.510303843284937
"2020Q4",20,"2021-02-11",3.40435355304789,3.33987099126962,-0.133987282884295,0.593449335918578,0.510303843284937
"2020Q4",10,"2021-02-21",3.40435355304789,3.33987099126962,-0.133987282884295,0.593449335918578,0.510303843284937
"2020Q4",5,"2021-02-26",3.40435355304789,3.33987099126962,-0.147450787480464,0.593449335918578,0.510303843284937
"2020Q4",1,"2021-03-02",3.40435355304789,3.33987099126962,0.533665932648387,0.593449335918578,0.510303843284937
"2021Q1",150,"2021-01-03",2.16207254294269,1.08424015064743,0.955000617506476,0.843837895438041,0.510303843284937
"2021Q1",120,"2021-02-02",2.16207254294269,0.940938416904612,0.978020927055134,0.843837895438041,0.510303843284937
"2021Q1",90,"2021-03-04",2.16207254294269,0.0537534764742231,0.0682658012993243,0.669772124622178,0.574495672097925
"2021Q1",60,"2021-04-03",2.16207254294269,0.693115101553672,0.0682662673823338,0.669772124622178,0.574495672097925
"2021Q1",45,"2021-04-18",2.16207254294269,1.60838764141395,0.0682656122455735,0.669772124622178,0.574495672097925
"2021Q1",30,"2021-05-03",2.16207254294269,1.60838764141395,0.0682656122455735,0.669772124622178,0.574495672097925
"2021Q1",20,"2021-05-13",2.16207254294269,1.60838764141395,0.0682652721983979,0.669772124622178,0.574495672097925
"2021Q1",10,"2021-05-23",2.16207254294269,1.60838764141395,0.0682652721983979,0.669772124622178,0.574495672097925
"2021Q1",5,"2021-05-28",2.16207254294269,1.60838764141395,0.0781856188218449,0.669772124622178,0.574495672097925
"2021Q1",1,"2021-06-01",2.16207254294269,1.60838764141395,1.45314619871482,0.669772124622178,0.574495672097925
"2021Q2",150,"2021-04-04",0.820432068513943,0.756650603104188,0.912907657578787,0.844891649259665,0.574495672097925
"2021Q2",120,"2021-05-04",0.820432068513943,2.55913971608678,0.912907657578787,0.844891649259665,0.574495672097925
"2021Q2",90,"2021-06-03",0.820432068513943,0.845572580018052,0.790962884815637,0.76935522985053,0.63583725449637
"2021Q2",60,"2021-07-03",0.820432068513943,1.9267119594139,0.790963450216804,0.76935522985053,0.63583725449637
"2021Q2",45,"2021-07-18",0.820432068513943,1.39657599903274,0.790963136204921,0.76935522985053,0.63583725449637
"2021Q2",30,"2021-08-02",0.820432068513943,1.39657599903274,0.790963136204921,0.76935522985053,0.63583725449637
"2021Q2",20,"2021-08-12",0.820432068513943,1.39657599903274,0.79096306758973,0.76935522985053,0.63583725449637
"2021Q2",10,"2021-08-22",0.820432068513943,1.39657599903274,0.79096306758973,0.76935522985053,0.63583725449637
"2021Q2",5,"2021-08-27",0.820432068513943,1.39657599903274,0.881493899408794,0.76935522985053,0.63583725449637
"2021Q2",1,"2021-08-31",0.820432068513943,1.39657599903274,-0.779432885729783,0.76935522985053,0.63583725449637
"2021Q3",150,"2021-07-04",-1.71277577411185,1.13458761353427,0.855518832087279,0.843496813889057,0.63583725449637
"2021Q3",120,"2021-08-03",-1.71277577411185,0.157696725572589,0.845249292150054,0.843496813889057,0.63583725449637
"2021Q3",90,"2021-09-02",-1.71277577411185,-0.180707247123748,1.18871958936867,0.840696862497088,0.626160174671518
"2021Q3",60,"2021-10-02",-1.71277577411185,-2.84148834127739,1.18871920619197,0.840696862497088,0.626160174671518
"2021Q3",45,"2021-10-17",-1.71277577411185,-2.54410839165481,1.18871910389045,0.840696862497088,0.626160174671518
"2021Q3",30,"2021-11-01",-1.71277577411185,-2.54410839165481,1.18871910389045,0.840696862497088,0.626160174671518
"2021Q3",20,"2021-11-11",-1.71277577411185,-2.54410839165481,1.18871933815488,0.840696862497088,0.626160174671518
"2021Q3",10,"2021-11-21",-1.71277577411185,-2.54410839165481,1.18871933815488,0.840696862497088,0.626160174671518
"2021Q3",5,"2021-11-26",-1.71277577411185,-2.54410839165481,1.08740892312083,0.840696862497088,0.626160174671518
"2021Q3",1,"2021-11-30",-1.71277577411185,-2.54410839165481,0.327366851548153,0.840696862497088,0.626160174671518
"2021Q4",150,"2021-10-03",3.62842419662923,-0.967905277815453,0.61999670116591,0.839616476491263,0.626160174671518
"2021Q4",120,"2021-11-02",3.62842419662923,-0.384121047131338,0.629753988615701,0.839616476491263,0.626160174671518
"2021Q4",90,"2021-12-02",3.62842419662923,-0.407303801665257,1.30485574440515,0.961901050124426,0.548484900872585
"2021Q4",60,"2022-01-01",3.62842419662923,2.14507120982003,4.26925370082856,0.961901050124426,0.548484900872585
"2021Q4",45,"2022-01-16",3.62842419662923,2.85754937901023,5.99208818644966,0.961901050124426,0.548484900872585
"2021Q4",30,"2022-01-31",3.62842419662923,2.85754937901023,5.99208818644966,0.961901050124426,0.548484900872585
"2021Q4",20,"2022-02-10",3.62842419662923,2.85754937901023,6.16571263224725,0.961901050124426,0.548484900872585
"2021Q4",10,"2022-02-20",3.62842419662923,2.85754937901023,6.16571263224725,0.961901050124426,0.548484900872585
"2021Q4",5,"2022-02-25",3.62842419662923,2.85754937901023,6.1850777057003,0.961901050124426,0.548484900872585
"2021Q4",1,"2022-03-01",3.62842419662923,2.85754937901023,6.20022627298771,0.961901050124426,0.548484900872585
"2022Q1",150,"2022-01-02",0.928819213539223,1.66399792126969,0.362521763406362,0.822470689733228,0.548484900872585
"2022Q1",120,"2022-02-01",0.928819213539223,2.96233319498779,1.11986298209059,0.822470689733228,0.548484900872585
"2022Q1",90,"2022-03-03",0.928819213539223,-1.5717460575234,1.04940043624918,0.640388464201181,0.611415885749608
"2022Q1",60,"2022-04-02",0.928819213539223,0.796156890534536,0.604025668086511,0.640388464201181,0.611415885749608
"2022Q1",45,"2022-04-17",0.928819213539223,0.915214129933114,1.59371218261964,0.640388464201181,0.611415885749608
"2022Q1",30,"2022-05-02",0.928819213539223,0.915214129933114,1.59371218261964,0.640388464201181,0.611415885749608
"2022Q1",20,"2022-05-12",0.928819213539223,0.915214129933114,1.77719716666108,0.640388464201181,0.611415885749608
"2022Q1",10,"2022-05-22",0.928819213539223,0.915214129933114,1.77719716666108,0.640388464201181,0.611415885749608
"2022Q1",5,"2022-05-27",0.928819213539223,0.915214129933114,1.74257687684396,0.640388464201181,0.611415885749608
"2022Q1",1,"2022-05-31",0.928819213539223,0.915214129933114,2.40071233691395,0.640388464201181,0.611415885749608
"2022Q2",150,"2022-04-10",0.990656205089091,1.69652029724629,1.14593882643924,0.855001658048976,0.611415885749608
"2022Q2",120,"2022-05-10",0.990656205089091,1.85190967756825,1.41999132441619,0.855001658048976,0.611415885749608
"2022Q2",90,"2022-06-09",0.990656205089091,2.17822115705958,1.87162191087962,0.834727063367484,0.608613023094764
"2022Q2",60,"2022-07-09",0.990656205089091,2.98162138186372,2.06434626265889,0.834727063367484,0.608613023094764
"2022Q2",45,"2022-07-24",0.990656205089091,3.12477747118142,2.06434626265889,0.834727063367484,0.608613023094764
"2022Q2",30,"2022-08-08",0.990656205089091,3.12477747118142,2.08221702248788,0.834727063367484,0.608613023094764
"2022Q2",20,"2022-08-18",0.990656205089091,3.12477747118142,2.08221702248788,0.834727063367484,0.608613023094764
"2022Q2",10,"2022-08-28",0.990656205089091,3.12477747118142,2.00631312635965,0.834727063367484,0.608613023094764
"2022Q2",5,"2022-09-02",0.990656205089091,3.12477747118142,2.16578441657965,0.834727063367484,0.608613023094764
"2022Q2",1,"2022-09-06",0.990656205089091,3.12477747118142,2.16578441657965,0.834727063367484,0.608613023094764
"2022Q3",150,"2022-07-10",0.480490991177684,0.983503893906768,0.721664314640706,0.841417064557529,0.608613023094764
"2022Q3",120,"2022-08-09",0.480490991177684,1.23746885388104,0.758214909993008,0.841417064557529,0.608613023094764
"2022Q3",90,"2022-09-08",0.480490991177684,0.888285362935139,1.01844830684906,0.830975644461348,0.615433867842483
"2022Q3",60,"2022-10-08",0.480490991177684,1.53688971665976,1.00044961365701,0.830975644461348,0.615433867842483
"2022Q3",45,"2022-10-23",0.480490991177684,1.58752097770868,1.00044961365701,0.830975644461348,0.615433867842483
"2022Q3",30,"2022-11-07",0.480490991177684,1.58752097770868,1.1362029449486,0.830975644461348,0.615433867842483
"2022Q3",20,"2022-11-17",0.480490991177684,1.58752097770868,1.1362029449486,0.830975644461348,0.615433867842483
"2022Q3",10,"2022-11-27",0.480490991177684,1.58752097770868,1.24137827153697,0.830975644461348,0.615433867842483
"2022Q3",5,"2022-12-02",0.480490991177684,1.58752097770868,1.25470900399112,0.830975644461348,0.615433867842483
"2022Q3",1,"2022-12-06",0.480490991177684,1.58752097770868,1.25470900399112,0.830975644461348,0.615433867842483
"2022Q4",150,"2022-10-02",0.825150829504984,0.938644251991584,0.580748481137793,0.842322080425053,0.615433867842483
"2022Q4",120,"2022-11-01",0.825150829504984,1.00893650824018,0.637985292310002,0.842322080425053,0.615433867842483
"2022Q4",90,"2022-12-01",0.825150829504984,2.55910725562066,0.505431220480147,0.842322080425053,0.615433867842483
"2022Q4",60,"2022-12-31",0.825150829504984,2.35067385866802,0.859661224775298,0.865739064426778,0.612123637582784
"2022Q4",45,"2023-01-15",0.825150829504984,2.26571569916812,0.397817074004021,0.865739064426778,0.612123637582784
"2022Q4",30,"2023-01-30",0.825150829504984,2.26571569916812,0.397817074004021,0.865739064426778,0.612123637582784
"2022Q4",20,"2023-02-09",0.825150829504984,2.26571569916812,0.145086600668339,0.865739064426778,0.612123637582784
"2022Q4",10,"2023-02-19",0.825150829504984,2.26571569916812,0.145086600668339,0.865739064426778,0.612123637582784
"2022Q4",5,"2023-02-24",0.825150829504984,2.26571569916812,0.145086600668339,0.865739064426778,0.612123637582784
"2022Q4",1,"2023-02-28",0.825150829504984,2.26571569916812,0.14557813540896,0.865739064426778,0.612123637582784
"2023Q1",150,"2023-01-08",0.477916441901494,0.510082190118399,0.446099447081959,0.838313866077306,0.612123637582784
"2023Q1",120,"2023-02-07",0.477916441901494,0.385232663186696,0.041047914953962,0.838313866077306,0.612123637582784
"2023Q1",90,"2023-03-09",0.477916441901494,1.01025398387301,1.27287610393247,0.841139593108338,0.621706652880034
"2023Q1",60,"2023-04-08",0.477916441901494,1.04041551344979,1.26598323114955,0.841139593108338,0.621706652880034
"2023Q1",45,"2023-04-23",0.477916441901494,1.20516839402819,1.26598323114955,0.841139593108338,0.621706652880034
"2023Q1",30,"2023-05-08",0.477916441901494,1.20516839402819,1.11482892970423,0.841139593108338,0.621706652880034
"2023Q1",20,"2023-05-18",0.477916441901494,1.20516839402819,1.11482892970423,0.841139593108338,0.621706652880034
"2023Q1",10,"2023-05-28",0.477916441901494,1.20516839402819,1.25075399562779,0.841139593108338,0.621706652880034
"2023Q1",5,"2023-06-02",0.477916441901494,1.20516839402819,0.769185508407104,0.841139593108338,0.621706652880034
"2023Q1",1,"2023-06-06",0.477916441901494,1.20516839402819,0.769185508407104,0.841139593108338,0.621706652880034
"2023Q2",150,"2023-04-09",0.455133599355761,0.638402630689939,0.320729058963815,0.840001631783801,0.621706652880034
"2023Q2",120,"2023-05-09",0.455133599355761,0.931871973608989,0.0789579058545558,0.840001631783801,0.621706652880034
"2023Q2",90,"2023-06-08",0.455133599355761,1.51440274302486,0.07436930631865,0.864310438034987,0.620729510874457
"2023Q2",60,"2023-07-08",0.455133599355761,0.951522173073417,0.156729365938189,0.864310438034987,0.620729510874457
"2023Q2",45,"2023-07-23",0.455133599355761,0.924493128800142,0.156729365938189,0.864310438034987,0.620729510874457
"2023Q2",30,"2023-08-07",0.455133599355761,0.924493128800142,0.0330007413676257,0.864310438034987,0.620729510874457
"2023Q2",20,"2023-08-17",0.455133599355761,0.924493128800142,0.0330007413676257,0.864310438034987,0.620729510874457
"2023Q2",10,"2023-08-27",0.455133599355761,0.924493128800142,0.0962529305926315,0.864310438034987,0.620729510874457
"2023Q2",5,"2023-09-01",0.455133599355761,0.924493128800142,-0.0109836547236926,0.864310438034987,0.620729510874457
"2023Q2",1,"2023-09-05",0.455133599355761,0.924493128800142,-0.0109836547236926,0.864310438034987,0.620729510874457
"2023Q3",150,"2023-07-09",0.40323064913228,0.317512037331592,0.71091636587953,0.836826289334526,0.620729510874457
"2023Q3",120,"2023-08-08",0.40323064913228,0.263295614437343,0.470369644645867,0.836826289334526,0.620729510874457
"2023Q3",90,"2023-09-07",0.40323064913228,0.0777958220740193,0.393795742251283,0.864153532316357,0.622652592927375
"2023Q3",60,"2023-10-07",0.40323064913228,-0.440982775973534,0.366518290042774,0.864153532316357,0.622652592927375
"2023Q3",45,"2023-10-22",0.40323064913228,-0.669439338443026,0.366518290042774,0.864153532316357,0.622652592927375
"2023Q3",30,"2023-11-06",0.40323064913228,-0.669439338443026,0.498977826767523,0.864153532316357,0.622652592927375
"2023Q3",20,"2023-11-16",0.40323064913228,-0.669439338443026,0.498977826767523,0.864153532316357,0.622652592927375
"2023Q3",10,"2023-11-26",0.40323064913228,-0.669439338443026,0.460655356415837,0.864153532316357,0.622652592927375
"2023Q3",5,"2023-12-01",0.40323064913228,-0.669439338443026,0.752867542560076,0.864153532316357,0.622652592927375
"2023Q3",1,"2023-12-05",0.40323064913228,-0.669439338443026,0.752867542560076,0.864153532316357,0.622652592927375
"2023Q4",150,"2023-10-08",-0.00777504986498867,0.290142108040666,0.540211899356407,0.83523824875927,0.622652592927375
"2023Q4",120,"2023-11-07",-0.00777504986498867,-0.117373231130494,0.78825444912948,0.83523824875927,0.622652592927375
"2023Q4",90,"2023-12-07",-0.00777504986498867,-0.136542738819254,0.0441475536480748,0.865781406718845,0.612150960602292
"2023Q4",60,"2024-01-06",-0.00777504986498867,-0.385172854515079,0.021989168110936,0.865781406718845,0.612150960602292
"2023Q4",45,"2024-01-21",-0.00777504986498867,-0.57088858341827,0.021989168110936,0.865781406718845,0.612150960602292
"2023Q4",30,"2024-02-05",-0.00777504986498867,-0.57088858341827,-0.183533390417271,0.865781406718845,0.612150960602292
"2023Q4",20,"2024-02-15",-0.00777504986498867,-0.57088858341827,-0.183533390417271,0.865781406718845,0.612150960602292
"2023Q4",10,"2024-02-25",-0.00777504986498867,-0.57088858341827,-0.126792641115179,0.865781406718845,0.612150960602292
"2023Q4",5,"2024-03-01",-0.00777504986498867,-0.57088858341827,-0.537085273579857,0.865781406718845,0.612150960602292
"2023Q4",1,"2024-03-05",-0.00777504986498867,-0.57088858341827,-0.435304575689405,0.865781406718845,0.612150960602292
"2024Q1",150,"2024-01-07",0.244334987155215,0.395470383714904,0.796031685244888,0.833324251284622,0.612150960602292
"2024Q1",120,"2024-02-06",0.244334987155215,0.0742166782607989,0.432075719034941,0.833324251284622,0.612150960602292
"2024Q1",90,"2024-03-07",0.244334987155215,-0.00751832925889159,1.81566250857597,0.890093848305659,0.592463703247043
"2024Q1",60,"2024-04-06",0.244334987155215,0.315685301849579,1.6612485344986,0.890093848305659,0.592463703247043
"2024Q1",45,"2024-04-21",0.244334987155215,0.73955928418268,1.6612485344986,0.890093848305659,0.592463703247043
"2024Q1",30,"2024-05-06",0.244334987155215,0.73955928418268,1.45516607178664,0.890093848305659,0.592463703247043
"2024Q1",20,"2024-05-16",0.244334987155215,0.73955928418268,1.45516607178664,0.890093848305659,0.592463703247043
"2024Q1",10,"2024-05-26",0.244334987155215,0.73955928418268,1.37045851258151,0.890093848305659,0.592463703247043
"2024Q1",5,"2024-05-31",0.244334987155215,0.73955928418268,1.64122383828365,0.890093848305659,0.592463703247043
"2024Q1",1,"2024-06-04",0.244334987155215,0.73955928418268,0.33933993015571,0.890093848305659,0.592463703247043
"2024Q2",150,"2024-04-07",0.251794483194812,0.649047860822873,0.432505375119403,0.828177077259804,0.592463703247043
"2024Q2",120,"2024-05-07",0.251794483194812,1.39200071885131,0.0701399889225943,0.828177077259804,0.592463703247043
"2024Q2",90,"2024-06-06",0.251794483194812,0.818095672597486,11.8007837458818,0.869387960497694,0.579079194525037
"2024Q2",60,"2024-07-06",0.251794483194812,0.400603111858467,12.6120432700943,0.869387960497694,0.579079194525037
"2024Q2",45,"2024-07-21",0.251794483194812,0.424761700525689,12.6120432700943,0.869387960497694,0.579079194525037
"2024Q2",30,"2024-08-05",0.251794483194812,0.424761700525689,-0.536521156455463,0.869387960497694,0.579079194525037
"2024Q2",20,"2024-08-15",0.251794483194812,0.424761700525689,-0.536521156455463,0.869387960497694,0.579079194525037
"2024Q2",10,"2024-08-25",0.251794483194812,0.424761700525689,-0.502207385420185,0.869387960497694,0.579079194525037
"2024Q2",5,"2024-08-30",0.251794483194812,0.424761700525689,-0.625962089368237,0.869387960497694,0.579079194525037
"2024Q2",1,"2024-09-03",0.251794483194812,0.424761700525689,-0.526036037726488,0.869387960497694,0.579079194525037
"2024Q3",150,"2024-07-07",0.305620197715739,0.388232177989612,1.34142348378709,0.827229078282714,0.579079194525037
"2024Q3",120,"2024-08-06",0.305620197715739,0.434594088368268,0.673945861719298,0.827229078282714,0.579079194525037
"2024Q3",90,"2024-09-05",0.305620197715739,0.533403277372233,0.67808412571145,0.8658959285391,0.572915817893082
"2024Q3",60,"2024-10-05",0.305620197715739,0.853604860027988,0.774090819429316,0.8658959285391,0.572915817893082
"2024Q3",45,"2024-10-20",0.305620197715739,0.85832466927733,0.774090819429316,0.8658959285391,0.572915817893082
"2024Q3",30,"2024-11-04",0.305620197715739,0.85832466927733,0.74449212255176,0.8658959285391,0.572915817893082
"2024Q3",20,"2024-11-14",0.305620197715739,0.85832466927733,0.74449212255176,0.8658959285391,0.572915817893082
"2024Q3",10,"2024-11-24",0.305620197715739,0.85832466927733,0.74449212255176,0.8658959285391,0.572915817893082
"2024Q3",5,"2024-11-29",0.305620197715739,0.85832466927733,0.7658947702428,0.8658959285391,0.572915817893082
"2024Q3",1,"2024-12-03",0.305620197715739,0.85832466927733,0.329726345520467,0.8658959285391,0.572915817893082
"2024Q4",150,"2024-10-06",0.437156038152886,0.673742400256148,0.845171722282714,0.825122278838179,0.572915817893082
"2024Q4",120,"2024-11-05",0.437156038152886,0.683249878341028,0.810383521284418,0.825122278838179,0.572915817893082
"2024Q4",90,"2024-12-05",0.437156038152886,0.259018132072403,1.5056649486562,0.859698027008414,0.570542362854589
"2024Q4",60,"2025-01-04",0.437156038152886,0.658001627294941,1.54014663208633,0.859698027008414,0.570542362854589
"2024Q4",45,"2025-01-19",0.437156038152886,0.773660421995753,1.54014663208633,0.859698027008414,0.570542362854589
"2024Q4",30,"2025-02-03",0.437156038152886,0.773660421995753,1.54034566051743,0.859698027008414,0.570542362854589
"2024Q4",20,"2025-02-13",0.437156038152886,0.773660421995753,1.46535263035278,0.859698027008414,0.570542362854589
"2024Q4",10,"2025-02-23",0.437156038152886,0.773660421995753,1.46535263035278,0.859698027008414,0.570542362854589
"2024Q4",5,"2025-02-28",0.437156038152886,0.773660421995753,1.45459641027734,0.859698027008414,0.570542362854589
"2024Q4",1,"2025-03-04",0.437156038152886,0.773660421995753,1.2027460839626,0.859698027008414,0.570542362854589
"2025Q1",150,"2025-01-05",0.260383974053169,0.721396080172426,0.729981984446874,0.823424248227053,0.570542362854589
"2025Q1",120,"2025-02-04",0.260383974053169,0.907986686137047,0.594454675348568,0.823424248227053,0.570542362854589
"2025Q1",90,"2025-03-06",0.260383974053169,0.701809797147006,0.846403320598861,0.849261988172037,0.572280530366563
"2025Q1",60,"2025-04-05",0.260383974053169,0.462094056022604,0.848854477036647,0.849261988172037,0.572280530366563
"2025Q1",45,"2025-04-20",0.260383974053169,0.269864513654432,0.848854477036647,0.849261988172037,0.572280530366563
"2025Q1",30,"2025-05-05",0.260383974053169,0.269864513654432,0.766735818322924,0.849261988172037,0.572280530366563
"2025Q1",20,"2025-05-15",0.260383974053169,0.269864513654432,0.766735818322924,0.849261988172037,0.572280530366563
"2025Q1",10,"2025-05-25",0.260383974053169,0.269864513654432,0.7667673419392,0.849261988172037,0.572280530366563
"2025Q1",5,"2025-05-30",0.260383974053169,0.269864513654432,0.71426217616139,0.849261988172037,0.572280530366563
"2025Q1",1,"2025-06-03",0.260383974053169,0.269864513654432,0.518611597679924,0.849261988172037,0.572280530366563
"2025Q2",150,"2025-04-06",0.968711331094219,0.428578262328587,0.841964950249193,0.822537011477539,0.572280530366563
"2025Q2",120,"2025-05-06",0.968711331094219,0.120168577316186,0.763767810047371,0.822537011477539,0.572280530366563
"2025Q2",90,"2025-06-05",0.968711331094219,-0.134214879361876,0.355622189785243,0.858044154009537,0.554546753931714
"2025Q2",60,"2025-07-05",0.968711331094219,0.453705272606215,0.749939403016437,0.858044154009537,0.554546753931714
"2025Q2",45,"2025-07-20",0.968711331094219,0.108852206664851,0.749939403016437,0.858044154009537,0.554546753931714
"2025Q2",30,"2025-08-04",0.968711331094219,0.108852206664851,0.679717621468417,0.858044154009537,0.554546753931714
"2025Q2",20,"2025-08-14",0.968711331094219,0.108852206664851,0.679717621468417,0.858044154009537,0.554546753931714
"2025Q2",10,"2025-08-24",0.968711331094219,0.108852206664851,0.679717621468417,0.858044154009537,0.554546753931714
"2025Q2",5,"2025-08-29",0.968711331094219,0.108852206664851,0.703266675561373,0.858044154009537,0.554546753931714
"2025Q2",1,"2025-09-02",0.968711331094219,0.108852206664851,0.584883231851216,0.858044154009537,0.554546753931714
"2025Q3",150,"2025-07-06",0.381957818317624,1.33882599875057,1.17046698882624,0.8197011354998,0.554546753931714
"2025Q3",120,"2025-08-05",0.381957818317624,0.741328094542499,0.93017128964696,0.8197011354998,0.554546753931714
"2025Q3",90,"2025-09-04",0.381957818317624,0.395142937553996,0.322108825350855,0.813160379612507,0.575810097775078
"2025Q3",60,"2025-10-04",0.381957818317624,0.0457893953753974,0.322029281549933,0.813160379612507,0.575810097775078
"2025Q3",45,"2025-10-19",0.381957818317624,0.0573097366745401,0.374193306331314,0.813160379612507,0.575810097775078
"2025Q3",30,"2025-11-03",0.381957818317624,0.0573097366745401,0.374150791106447,0.813160379612507,0.575810097775078
"2025Q3",20,"2025-11-13",0.381957818317624,0.0573097366745401,0.310557417181483,0.813160379612507,0.575810097775078
"2025Q3",10,"2025-11-23",0.381957818317624,0.0573097366745401,0.310557417181483,0.813160379612507,0.575810097775078
"2025Q3",5,"2025-11-28",0.381957818317624,0.0573097366745401,0.360094508310416,0.813160379612507,0.575810097775078
"2025Q3",1,"2025-12-02",0.381957818317624,0.0573097366745401,0.328366012668302,0.813160379612507,0.575810097775078
"2025Q4",150,"2025-10-05",0.873067319347598,0.578915698697204,0.764948305831109,0.823176456701216,0.575810097775078
"2025Q4",120,"2025-11-04",0.873067319347598,0.61283750195861,0.579402647698275,0.823176456701216,0.575810097775078
"2025Q4",90,"2025-12-04",0.873067319347598,0.72774310208575,0.79961473173407,0.84923216699255,0.561002268559679
"2025Q4",60,"2026-01-03",0.873067319347598,0.562683773328538,1.500678291806,0.84923216699255,0.561002268559679
"2025Q4",45,"2026-01-18",0.873067319347598,0.589834699474274,1.59272161808505,0.84923216699255,0.561002268559679
"2025Q4",30,"2026-02-02",0.873067319347598,0.589834699474274,1.59272161808505,0.84923216699255,0.561002268559679
"2025Q4",20,"2026-02-12",0.873067319347598,0.589834699474274,1.29851301135515,0.84923216699255,0.561002268559679
"2025Q4",10,"2026-02-22",0.873067319347598,0.589834699474274,1.29851301135515,0.84923216699255,0.561002268559679
"2025Q4",5,"2026-02-27",0.873067319347598,0.589834699474274,1.25764476898751,0.84923216699255,0.561002268559679
"2025Q4",1,"2026-03-03",0.873067319347598,0.589834699474274,1.29070231902809,0.84923216699255,0.561002268559679
"2026Q1",150,"2026-01-04",0.27433537788113,0.555734935403247,1.03524155628828,0.819073004557404,0.561002268559679
"2026Q1",120,"2026-02-03",0.27433537788113,0.609826461772551,1.03524155628828,0.819073004557404,0.561002268559679
"2026Q1",90,"2026-03-05",0.27433537788113,0.990583961709142,0.113121570946749,0.817740742410758,0.567311763203608
"2026Q1",60,"2026-04-04",0.27433537788113,0.833603283341517,0.222855694229575,0.817740742410758,0.567311763203608
"2026Q1",45,"2026-04-19",0.27433537788113,0.881415269796033,0.222855694229575,0.817740742410758,0.567311763203608
"2026Q1",30,"2026-05-04",0.27433537788113,0.881415269796033,0.222855694229575,0.817740742410758,0.567311763203608
"2026Q1",20,"2026-05-14",0.27433537788113,0.881415269796033,0.246029796086146,0.817740742410758,0.567311763203608
"2026Q1",10,"2026-05-24",0.27433537788113,0.881415269796033,0.246029796086146,0.817740742410758,0.567311763203608
"2026Q1",5,"2026-05-29",0.27433537788113,0.881415269796033,0.328057424070089,0.817740742410758,0.567311763203608
"2026Q1",1,"2026-06-02",0.27433537788113,0.881415269796033,0.184592558670921,0.817740742410758,0.567311763203608
