"run_date","target_quarter","status","model_only","blend","labour_read","expenditure_read","w_labour","days_to_release","band","months_hours_observed","c_hfce","c_dwell","c_otc","c_businv","c_pubcons","c_pubinv","c_exports","c_imports","c_inventories","c_discrepancy","bias_correction"
"2026-06-10","2026Q2","current","FALSE","0.9509","1.0956","0.5868","0.7156","84","1.3782","1","0.1548","0.0381","-0.0115","0.1726","0.1853","0.0516","0.5058","-0.3838","-0.0649","-0.0509","-0.0103"
"2026-06-11","2026Q2","current","FALSE","0.8724","1.0956","0.5868","0.5613","83","1.1039","1","0.1548","0.0381","-0.0115","0.1726","0.1853","0.0516","0.5058","-0.3838","-0.0649","-0.0509","-0.0103"
"2026-06-24","2026Q2","current","FALSE","0.9039","1.0956","0.5868","0.6233","70","1.0189","1","0.1548","0.0381","-0.0115","0.1726","0.1853","0.0516","0.5058","-0.3838","-0.0649","-0.0509","-0.0103"
"2026-06-25","2026Q2","current","FALSE","0.609","0.4787","0.829","0.628","69","1.0123","2","0.3969","0.0381","-0.0115","0.1726","0.1853","0.0516","0.5058","-0.3838","-0.0649","-0.0509","-0.0103"
"2026-06-30","2026Q2","current","FALSE","0.6006","0.4787","0.829","0.6519","64","0.9796","2","0.3969","0.0381","-0.0115","0.1726","0.1853","0.0516","0.5058","-0.3838","-0.0649","-0.0509","-0.0103"
"2026-07-01","2026Q2","completed-unreleased","FALSE","0.5925","0.4787","0.8102","0.6567","63","0.9731","2","0.3969","0.0194","-0.0115","0.1726","0.1853","0.0516","0.5058","-0.3838","-0.0649","-0.0509","-0.0103"
"2026-07-01","2026Q3","current","TRUE","0.8814","0.1817","1.297","0.3727","154","1.0667","0","0.8817","0.0316","0.005","0.147","0.217","0.0511","0.2884","-0.3583","0.0286","0.0151","-0.0103"
"2026-07-02","2026Q2","completed-unreleased","FALSE","0.5909","0.4787","0.8102","0.6614","62","0.9665","2","0.3969","0.0194","-0.0115","0.1726","0.1853","0.0516","0.5058","-0.3838","-0.0649","-0.0509","-0.0103"
"2026-07-02","2026Q3","current","TRUE","0.8814","0.1817","1.297","0.3727","153","1.0667","0","0.8817","0.0316","0.005","0.147","0.217","0.0511","0.2884","-0.3583","0.0286","0.0151","-0.0103"
"2026-07-23","2026Q2","completed-unreleased","FALSE","0.4967","0.345","0.8102","0.6738","41","0.8542","3","0.3969","0.0194","-0.0115","0.1726","0.1853","0.0516","0.5058","-0.3838","-0.0649","-0.0509","-0.0103"
"2026-07-23","2026Q3","current","TRUE","0.8448","0.1075","1.297","0.3802","132","1.0313","0","0.8817","0.0316","0.005","0.147","0.217","0.0511","0.2884","-0.3583","0.0286","0.0151","-0.0103"
"2026-07-29","2026Q2","completed-unreleased","FALSE","0.5118","0.345","0.8102","0.6413","35","0.7738","3","0.3969","0.0194","-0.0115","0.1726","0.1853","0.0516","0.5058","-0.3838","-0.0649","-0.0509","-0.0103"
"2026-07-29","2026Q3","current","TRUE","0.8418","0.1075","1.297","0.3827","126","1.0195","0","0.8817","0.0316","0.005","0.147","0.217","0.0511","0.2884","-0.3583","0.0286","0.0151","-0.0103"
"2026-07-30","2026Q2","completed-unreleased","FALSE","0.5152","0.345","0.8125","0.6359","34","0.7604","3","0.3969","0.0216","-0.0115","0.1726","0.1853","0.0516","0.5058","-0.3838","-0.0649","-0.0509","-0.0103"
"2026-07-30","2026Q3","current","TRUE","0.8532","0.1075","1.3163","0.3831","125","1.0175","0","0.8817","0.0509","0.005","0.147","0.217","0.0511","0.2884","-0.3583","0.0286","0.0151","-0.0103"
"2026-07-31","2026Q2","completed-unreleased","FALSE","0.5177","0.345","0.8125","0.6305","33","0.747","3","0.3969","0.0216","-0.0115","0.1726","0.1853","0.0516","0.5058","-0.3838","-0.0649","-0.0509","-0.0103"
"2026-07-31","2026Q3","current","TRUE","0.8527","0.1075","1.3163","0.3835","124","1.0155","0","0.8817","0.0509","0.005","0.147","0.217","0.0511","0.2884","-0.3583","0.0286","0.0151","-0.0103"
"2026-08-04","2026Q2","completed-unreleased","FALSE","0.5115","0.345","0.7673","0.6056","29","0.7073","3","0.3518","0.0216","-0.0115","0.1726","0.1853","0.0516","0.5058","-0.3838","-0.0649","-0.0509","-0.0103"
"2026-08-04","2026Q3","current","TRUE","0.889","0.1075","1.3786","0.3852","120","1.0076","0","0.944","0.0509","0.005","0.147","0.217","0.0511","0.2884","-0.3583","0.0286","0.0151","-0.0103"
"2026-08-06","2026Q2","completed-unreleased","FALSE","0.5188","0.345","0.7673","0.5884","27","0.7083","3","0.3518","0.0216","-0.0115","0.1726","0.1853","0.0516","0.5058","-0.3838","-0.0649","-0.0509","-0.0103"
"2026-08-06","2026Q3","current","TRUE","0.8769","0.1075","1.3786","0.3947","118","1.0171","0","0.944","0.0509","0.005","0.147","0.217","0.0511","0.2884","-0.3583","0.0286","0.0151","-0.0103"
"2026-08-20","2026Q2","completed-unreleased","FALSE","0.4917","0.2668","0.7673","0.5507","13","0.7014","3","0.3518","0.0216","-0.0115","0.1726","0.1853","0.0516","0.5058","-0.3838","-0.0649","-0.0509","-0.0103"
"2026-08-20","2026Q3","current","FALSE","0.5158","-0.4918","1.3786","0.4613","104","1.0834","1","0.944","0.0509","0.005","0.147","0.217","0.0511","0.2884","-0.3583","0.0286","0.0151","-0.0103"
"2026-08-26","2026Q2","completed-unreleased","FALSE","0.4497","0.2668","0.6773","0.5545","7","0.706","3","0.3518","0.0438","-0.0115","0.0604","0.1853","0.0516","0.5058","-0.3838","-0.0649","-0.0509","-0.0103"
"2026-08-26","2026Q3","current","FALSE","0.4695","-0.4918","1.3925","0.4898","98","1.1118","1","0.944","0.0534","0.005","0.1584","0.217","0.0511","0.2884","-0.3583","0.0286","0.0151","-0.0103"
"2026-08-27","2026Q2","completed-unreleased","FALSE","0.2894","0.2668","0.3172","0.5525","6","0.709","3","0.383","0.0438","-0.0115","-0.331","0.1853","0.0516","0.5058","-0.3838","-0.0649","-0.0509","-0.0103"
"2026-08-27","2026Q3","current","FALSE","0.4427","-0.4918","1.3572","0.4946","97","1.1166","1","0.9517","0.0534","0.005","0.1154","0.217","0.0511","0.2884","-0.3583","0.0286","0.0151","-0.0103"
"2026-08-31","2026Q2","completed-unreleased","FALSE","0.2198","0.2668","0.166","0.5335","2","0.6725","3","0.383","0.0438","-0.0115","-0.331","0.1853","0.0516","0.5058","-0.3838","-0.216","-0.0509","-0.0103"
"2026-08-31","2026Q3","current","FALSE","0.4388","-0.4918","1.4217","0.5136","93","1.1355","1","0.9517","0.0534","0.005","0.1154","0.217","0.0511","0.2884","-0.3583","0.0931","0.0151","-0.0103"
"2026-09-01","2026Q2","completed-unreleased","FALSE","0.2113","0.2668","0.1492","0.5278","1","0.6594","3","0.383","0.0418","-0.0115","-0.331","0.1853","0.0516","0.2127","-0.1057","-0.216","-0.0509","-0.0103"
"2026-09-01","2026Q3","current","FALSE","0.5027","-0.4918","1.5732","0.5184","92","1.1402","1","0.9517","0.0568","0.005","0.1154","0.217","0.0511","0.3668","-0.2886","0.0931","0.0151","-0.0103"
"2026-09-02","2026Q3","current","FALSE","0.4801","-0.4659","1.5178","0.5231","91","1.145","1","0.9441","0.059","-0.001","0.1218","0.2048","0.1003","0.3701","-0.2928","0.0886","-0.0844","0.0074"
"2026-09-03","2026Q3","current","FALSE","0.4706","-0.4659","1.5178","0.5279","90","1.1497","1","0.9441","0.059","-0.001","0.1218","0.2048","0.1003","0.3701","-0.2928","0.0886","-0.0844","0.0074"
"2026-09-24","2026Q3","current","FALSE","0.3026","-0.4172","1.5178","0.628","69","1.0123","2","0.9441","0.059","-0.001","0.1218","0.2048","0.1003","0.3701","-0.2928","0.0886","-0.0844","0.0074"
